Región ;Año;Población ocupada (total);Agricultura, ganadería, silvicultura y pesca;Explotación de minas y canteras;Industrias manufactureras;Suministro de electricidad, gas, vapor y aire acondicionado;Suministro de agua;Construcción;Comercio al por mayor y al por menor;Transporte y almacenamiento;Actividades de alojamiento y de servicio de comidas;Información y comunicaciones;Actividades financieras y de seguros;Actividades inmobiliarias;Actividades profesionales, científicas y técnicas;Actividades de servicios administrativos y de apoyo;Administración pública y defensa;Enseñanza;Actividades de atención de la salud humana y de asistencia social;Actividades artísticas, de entretenimiento y recreativas;Otras actividades de servicios;Actividades de los hogares como empleadores;Actividades de organizaciones y órganos extraterritoriales;No sabe / No responde /3
Región de Arica y Parinacota (AP);2013;98,6180;9,5354;9,6066;7,4413;0,1796;0,4631;4,3740;21,4442;7,8405;5,9357;1,3140;0,8679;0,4233;2,3069;1,4236;6,7018;7,4654;4,1789;0,8032;3,5341;2,7786;0,0000;
Región de Arica y Parinacota (AP);2014;96,7354;8,7085;7,1904;8,8686;0,4298;0,2099;6,3935;18,5548;8,8863;5,7897;1,4949;0,7413;0,5794;2,3421;1,9661;7,3392;7,2282;4,0111;0,6031;3,3794;2,0193;0,0000;
Región de Arica y Parinacota (AP);2015;101,3938;9,6168;8,6007;8,1631;0,3945;0,3161;6,2150;16,1625;8,7238;6,4590;1,3276;1,0052;0,4853;2,2643;2,1489;9,8724;8,7597;4,8215;0,5787;2,2698;3,2023;0,0068;
Región de Arica y Parinacota (AP);2016;103,2324;10,4991;6,2066;6,2647;0,6232;0,5502;8,4930;18,3499;8,7669;5,8174;0,9123;0,9652;0,9792;2,2975;2,5650;9,2268;9,7226;4,5661;0,8514;2,5642;3,0111;0,0000;
Región de Arica y Parinacota (AP);2017;103,6947;9,9374;5,6675;7,4020;0,8550;0,8137;7,8183;16,6452;10,1787;6,5906;0,8490;0,9544;0,5480;2,2345;2,2554;10,0072;10,0416;4,7736;0,9921;2,8398;2,2907;0,0000;
Región de Arica y Parinacota (AP);2018;106,4488;10,8912;5,9924;8,1689;0,4056;0,5109;6,2239;17,9203;9,1430;6,1323;0,9197;0,9507;0,4680;2,2782;1,9854;11,6922;11,9446;5,1351;1,2867;2,2299;2,1698;0,0000;
Región de Arica y Parinacota (AP);2019;112,3819;9,8470;6,0680;8,0381;0,2161;0,6658;8,7861;21,0705;8,4865;7,8109;1,4996;0,9472;0,7055;2,2484;1,9739;11,5607;10,3174;5,5223;1,6976;3,4593;1,4609;0,0000;
Región de Arica y Parinacota (AP);2020;97,7023;10,0035;4,8594;7,5019;0,1781;0,7154;6,0986;16,7878;6,3555;6,8057;1,0257;0,9507;0,6488;2,3946;1,2474;13,0037;10,2801;4,8630;0,5604;2,2252;1,0127;0,0000;0,1841
Región de Arica y Parinacota (AP);2021;104,5396;8,8171;5,4588;7,6471;0,1853;0,6329;8,9382;19,1479;6,4528;5,9922;0,4908;1,0150;0,6895;3,0882;1,7798;13,5710;10,3514;5,0146;0,8911;3,2481;1,0926;0,0000;0,0351
Región de Arica y Parinacota (AP);2022;110,8377;7,6110;5,6692;7,1983;0,2450;0,5285;10,4670;21,9176;7,5298;5,3576;0,5700;0,9588;0,6713;3,4989;1,9043;14,9040;10,5420;5,1618;0,8036;2,9370;2,1757;0,0241;0,1624
Región de Arica y Parinacota (AP);2023;112,9581;7,8023;7,4511;6,9919;0,5130;0,6131;7,5880;22,6478;10,0061;4,9716;0,8786;0,8851;0,8003;2,2681;1,7191;14,5796;12,0035;5,7536;0,6340;2,8673;1,8216;0,0000;0,1623
Región de Arica y Parinacota (AP);2024;115,2665;6,7330;7,9867;6,7312;0,2906;0,6264;8,0193;20,2805;9,8820;6,4960;1,0220;1,4539;1,1448;2,6590;2,0079;14,3690;11,7253;7,4797;1,1937;2,9950;1,5273;0,0445;0,5988
Región de Tarapacá (TA);2013;143,3011;4,6867;10,6277;10,2246;0,4319;0,4189;12,8798;34,3234;12,5107;8,5536;1,2886;2,4631;1,1224;3,4470;2,8862;10,5406;11,0942;6,0191;1,2467;2,5892;5,9211;0,0254;
Región de Tarapacá (TA);2014;146,9763;5,5125;14,2999;10,3737;0,6723;0,6487;11,5863;29,3219;12,9531;8,6668;1,8309;2,5564;2,1399;2,7486;2,4650;11,8004;13,2921;7,4551;1,4409;3,0560;4,1558;0,0000;
Región de Tarapacá (TA);2015;152,5642;5,0800;13,6848;9,7441;0,2316;0,5120;14,6769;31,0932;13,1724;9,8383;1,8719;2,6022;1,5932;3,6966;4,3522;11,0310;13,3832;6,9864;1,1207;3,5349;4,3587;0,0000;
Región de Tarapacá (TA);2016;158,5777;6,8505;11,4716;7,2328;0,3327;0,5754;15,3861;37,5674;14,5610;10,4794;1,1802;2,3359;1,6799;3,6381;3,5485;10,5219;13,3309;6,8708;1,2620;5,4321;4,3205;0,0000;
Región de Tarapacá (TA);2017;161,7110;7,7766;11,3490;6,9705;0,5006;1,7264;13,6500;42,7768;13,3122;8,1242;1,5510;2,5427;1,8249;4,0746;2,9895;10,5168;13,6107;6,8813;1,8033;5,3289;4,4011;0,0000;
Región de Tarapacá (TA);2018;159,7646;10,3383;10,0267;8,3080;0,7891;1,4529;10,0871;40,7026;13,2249;8,8654;1,3378;1,6309;1,7650;3,8381;3,5714;11,3198;15,7337;7,4615;1,8526;3,9194;3,5144;0,0251;
Región de Tarapacá (TA);2019;169,7660;8,5722;13,4671;12,4770;0,7999;0,8673;13,2879;36,5148;14,0941;12,1616;1,0505;1,1988;2,0878;2,9262;4,5171;12,0110;15,7005;8,2650;1,6353;4,6602;3,4443;0,0271;
Región de Tarapacá (TA);2020;151,4184;4,1535;13,5504;8,2488;0,8802;1,8678;10,2042;29,0674;10,5715;10,7846;1,5340;3,0411;1,5933;3,2126;4,3930;18,8380;11,1214;9,3561;0,8362;6,3236;1,5185;0,0000;0,3223
Región de Tarapacá (TA);2021;165,5683;3,9285;14,8238;8,4879;0,7478;1,6606;11,5706;35,5665;12,3009;12,2111;3,0265;2,9069;1,5914;4,1329;4,6137;17,3950;12,2977;9,2590;0,7427;5,4520;2,8270;0,0000;0,0257
Región de Tarapacá (TA);2022;185,2870;4,4211;20,0134;10,4068;0,2607;0,7518;14,6280;47,0519;13,6133;11,1306;2,1611;2,3346;2,8575;3,6738;5,1929;13,4742;13,1683;9,9812;1,1389;5,1544;3,6279;0,0000;0,2447
Región de Tarapacá (TA);2023;190,0554;3,6704;16,2631;13,6931;0,3309;2,0299;14,5996;45,2005;15,9350;10,0292;1,4928;2,4366;2,2155;3,2464;4,6461;16,1435;12,7032;13,3458;1,8274;6,7978;2,8413;0,0000;0,6069
Región de Tarapacá (TA);2024;193,3712;3,5646;15,2093;10,3787;0,4808;1,4433;13,2248;43,3675;14,9830;12,1340;1,9892;1,3064;1,4131;4,3408;3,1927;20,8545;17,5234;15,4098;1,5241;7,2288;3,5134;0,0712;0,2179
Región de Antofagasta (AN);2013;259,5870;4,6485;58,2686;23,6287;3,0583;1,1317;17,0410;44,4089;22,8091;9,2012;2,0455;3,5865;0,8713;7,1769;5,1190;9,3741;21,7288;10,0196;2,7957;6,8533;5,8204;0,0000;
Región de Antofagasta (AN);2014;264,9220;4,4280;54,6690;20,4571;3,8589;2,5945;17,1968;44,4880;22,1873;10,8370;2,8621;4,6004;0,8320;9,2500;5,4040;11,7408;21,7046;10,9427;4,3067;6,6797;5,8824;0,0000;
Región de Antofagasta (AN);2015;270,6754;4,3009;50,1900;19,6867;4,6210;1,3412;17,7945;51,2296;20,9989;13,4264;2,8292;3,1250;0,8612;8,6704;5,5567;12,6181;22,6065;13,9313;3,7189;7,4268;5,7141;0,0280;
Región de Antofagasta (AN);2016;278,6847;3,9363;47,5401;24,7607;3,5222;1,6727;21,4493;54,0273;21,3862;16,6628;2,5606;4,3047;1,1407;7,4239;6,2844;11,7365;19,3919;11,4449;4,6307;8,2267;6,5820;0,0000;
Región de Antofagasta (AN);2017;278,4310;7,7999;51,5177;22,2543;2,7392;2,1274;20,2529;48,7572;18,8129;14,9549;3,3170;3,1717;0,9921;6,5091;5,0472;11,2545;20,6073;15,1284;4,6647;9,3655;9,1570;0,0000;
Región de Antofagasta (AN);2018;299,3643;8,2469;56,1602;17,9084;2,9891;1,8562;20,5549;55,7629;21,5708;18,5434;3,3119;1,9311;2,2428;5,6183;6,6242;13,9797;22,1021;14,7150;5,8696;11,1239;8,2529;0,0000;
Región de Antofagasta (AN);2019;315,0233;8,0517;55,4147;24,5955;3,3749;3,3352;21,7445;60,6828;26,0404;16,9828;3,0098;4,6703;1,4944;7,1250;7,2931;13,1063;19,2035;15,7430;4,8321;10,3478;7,9755;0,0000;
Región de Antofagasta (AN);2020;289,0556;4,0896;49,3078;25,4236;5,3262;3,9693;16,8796;48,2080;24,9317;12,2952;3,5663;3,8826;2,1962;8,5977;11,3914;17,6500;17,5001;15,6084;2,7935;11,0737;4,0984;0,0000;0,2664
Región de Antofagasta (AN);2021;310,3898;4,4919;49,5604;27,3188;4,6521;3,0131;21,0617;54,2322;28,0334;16,9610;3,6130;3,0947;3,5212;10,0559;11,2263;18,2306;18,1620;13,9508;2,4596;10,2990;5,7829;0,0578;0,6110
Región de Antofagasta (AN);2022;327,8776;3,6883;62,3353;25,1600;3,0989;3,9523;22,2202;54,7464;26,6129;16,8445;3,0379;2,4052;3,9810;9,7354;10,9152;18,8313;21,2252;18,2933;3,1901;10,1282;6,7364;0,0525;0,6869
Región de Antofagasta (AN);2023;337,1236;2,5417;62,0233;22,3454;3,9616;5,0958;22,8879;51,4625;28,3525;15,5586;2,9389;2,7193;3,1829;11,2593;10,7399;20,2189;27,8069;20,2375;5,0275;11,7859;6,2458;0,0000;0,7315
Región de Antofagasta (AN);2024;344,3702;3,7310;63,8225;29,1307;4,2577;4,6761;23,3726;53,3169;29,4726;16,3408;3,4259;3,3759;3,0046;9,8063;12,0162;14,3849;24,9559;24,2151;4,1327;11,8290;3,2267;0,0586;1,8174
Región de Atacama (AT);2013;131,7474;9,9287;22,8594;10,9917;1,2475;0,7019;10,0248;23,6214;7,3752;4,7211;1,1874;2,3636;0,6286;2,4130;2,0483;9,1292;10,7810;3,7285;1,2120;2,4517;4,3325;0,0000;
Región de Atacama (AT);2014;133,2125;8,1627;21,2501;10,3381;1,7015;0,8653;8,7614;25,5629;7,8273;6,2354;1,4038;1,7887;0,3071;2,2438;2,3009;9,8360;11,6499;5,5854;1,5783;2,8911;2,9228;0,0000;
Región de Atacama (AT);2015;130,0116;7,4998;23,1534;8,6846;1,3033;0,4629;8,4220;25,6030;7,7923;6,6598;1,1160;1,7361;0,6389;1,6521;1,9662;10,3892;10,3303;5,8505;1,3905;3,0876;2,2730;0,0000;
Región de Atacama (AT);2016;131,2519;6,8188;19,3774;9,5059;1,8974;0,7885;9,0306;27,7065;8,8577;6,6038;1,5159;2,1094;0,4339;1,7754;2,3119;8,8681;11,1670;5,7163;1,6125;2,7086;2,4463;0,0000;
Región de Atacama (AT);2017;137,6738;6,8757;22,2011;9,4397;2,2605;0,9023;9,5422;29,5179;8,6281;7,2372;0,9808;1,3967;0,8314;2,0835;2,5244;7,9088;11,0649;5,9188;1,9327;3,2096;3,2175;0,0000;
Región de Atacama (AT);2018;142,7182;7,5137;23,7858;10,2647;1,9547;0,8904;9,1764;28,9556;8,6791;8,0569;1,3853;1,4041;1,6921;1,5066;1,8164;8,6444;13,1803;7,0977;1,4176;2,2793;3,0172;0,0000;
Región de Atacama (AT);2019;145,9794;8,1729;23,2893;11,7362;1,1151;1,5525;10,5577;29,1195;9,1817;7,3223;1,3754;1,5058;1,4809;1,8173;2,7069;9,6014;11,9225;6,8305;0,9390;3,0979;2,6547;0,0000;
Región de Atacama (AT);2020;127,8869;8,3907;24,1255;9,9518;1,5387;1,4272;7,4754;23,8468;7,9074;4,7401;0,7701;1,4881;0,7523;2,3664;3,2524;9,1206;10,3147;4,3105;1,1443;2,5463;2,1538;0,0000;0,2637
Región de Atacama (AT);2021;132,9679;6,0074;26,0662;11,3725;1,7109;1,5325;9,9999;24,9370;6,8336;4,5162;0,4375;0,5983;0,8492;1,7969;3,2037;9,7631;11,5995;5,5527;0,6516;2,8725;2,4766;0,0000;0,1901
Región de Atacama (AT);2022;142,3948;6,0611;27,8295;12,0743;2,1686;1,5914;9,4826;24,8378;7,0831;6,3207;0,8871;1,6023;0,5599;2,5465;2,7415;11,4381;11,7521;7,4522;0,8061;2,4131;2,4461;0,0000;0,3009
Región de Atacama (AT);2023;147,8610;6,1603;27,7852;12,1790;1,7803;1,6950;10,8338;24,4534;8,5330;7,1526;1,2325;1,3007;0,9130;3,2127;3,1830;10,2185;11,4902;8,8798;1,3671;3,0942;2,1349;0,0000;0,2617
Región de Atacama (AT);2024;152,2290;7,0897;28,2112;12,7736;1,9284;1,6005;11,3839;24,7911;8,9553;6,0062;1,1703;1,0786;1,0589;2,6124;4,2204;10,1336;13,2823;8,3918;1,0534;3,5050;2,3293;0,0000;0,6534
Región de Coquimbo (CO);2013;317,4593;40,7850;42,4580;19,5695;1,3193;1,9703;31,5625;61,2720;15,7848;12,3083;3,2351;2,6268;1,3453;6,3651;2,8247;18,0995;23,4533;10,1422;2,9852;6,5027;12,8497;0,0000;
Región de Coquimbo (CO);2014;338,0754;42,6442;37,6406;24,4974;1,5242;1,8812;34,9142;64,1662;16,9017;13,7100;2,1819;3,9292;1,7568;7,0136;4,6977;15,7248;27,6228;12,7280;3,8314;9,1266;11,5829;0,0000;
Región de Coquimbo (CO);2015;346,1309;38,5189;34,3094;23,8261;1,5128;1,8226;35,0310;63,5092;17,8254;13,0490;2,9873;3,9195;2,5728;8,9943;4,9150;20,1348;32,5095;13,6804;3,2590;12,3239;11,4297;0,0000;
Región de Coquimbo (CO);2016;352,5117;42,8494;34,5661;22,6425;0,4334;2,1745;33,5272;67,2486;15,5246;15,0813;2,2891;2,0800;3,3379;5,7599;5,9098;23,0861;35,4671;15,9725;3,5987;10,2587;10,7041;0,0000;
Región de Coquimbo (CO);2017;346,4481;42,6936;31,2105;23,7483;0,8319;2,6688;34,5866;64,8157;16,1419;14,7539;1,6560;3,6323;1,7521;7,6844;7,3908;19,6224;31,2437;15,0274;4,8546;10,4293;11,7040;0,0000;
Región de Coquimbo (CO);2018;359,9354;42,3355;30,2640;23,8906;1,0678;3,8067;33,5798;69,2644;19,2607;18,4619;3,0825;3,0150;2,7437;7,2250;6,7045;18,9061;30,4195;16,9213;4,0648;11,4783;13,2961;0,1471;
Región de Coquimbo (CO);2019;378,8562;40,2959;32,7673;26,7339;1,5324;3,6884;33,4748;76,8916;18,2175;21,1745;3,1347;4,6309;2,1358;7,2004;6,4650;22,0296;33,3102;17,0035;4,8667;8,6613;14,6419;0,0000;
Región de Coquimbo (CO);2020;322,1020;36,1851;28,6891;19,1072;0,6857;3,6218;27,8742;63,0657;16,1034;13,7448;2,6750;3,3569;2,9138;8,9047;7,0279;19,3869;29,3631;19,7299;1,8845;7,9320;7,8767;0,0000;1,9735
Región de Coquimbo (CO);2021;330,6138;32,1742;34,1941;19,8585;1,0098;3,4846;30,6719;63,5590;14,2033;13,8943;4,0409;3,1763;4,5965;8,4651;9,2182;19,1198;30,2980;19,7265;2,0969;8,1836;8,0629;0,0000;0,5797
Región de Coquimbo (CO);2022;354,2333;29,4053;39,3970;20,6846;1,6680;3,2771;32,3777;73,2115;16,4343;14,2284;2,8100;2,3982;5,1660;8,5551;8,3868;19,2035;34,1731;19,4770;2,6153;11,5901;8,4505;0,0000;0,7237
Región de Coquimbo (CO);2023;367,4868;32,9774;40,5026;21,2699;1,8966;4,1588;33,8020;68,9338;17,2717;19,1034;4,0719;3,0105;3,5984;9,2500;7,7957;20,5810;32,0270;22,4953;4,1339;10,8829;8,9402;0,0000;0,7839
Región de Coquimbo (CO);2024;379,6711;35,2930;43,1805;24,1764;1,5252;3,9246;30,6648;64,5782;18,4795;18,2868;4,0297;4,3177;4,3640;11,1876;10,0129;23,0641;34,8159;22,9465;4,4455;10,2387;8,6538;0,0000;1,4858
Región de Valparaíso (VA);2013;801,5889;58,0129;33,8422;66,3946;5,6402;5,0135;78,8397;153,8651;59,6615;35,1720;12,0877;15,9908;10,8065;19,4409;12,6587;46,4541;72,0829;39,1505;11,3662;18,7186;46,3680;0,0223;
Región de Valparaíso (VA);2014;821,7276;62,9886;31,2875;64,5136;5,1319;6,4954;71,1726;155,7352;63,8117;37,9449;12,5012;13,4162;14,4700;24,9155;15,2253;53,1770;73,2950;43,9304;12,1887;19,3737;40,1228;0,0303;
Región de Valparaíso (VA);2015;834,7536;67,6263;27,9457;70,2441;4,7823;5,9455;70,6950;154,2099;62,0725;45,1046;13,6021;14,2095;8,9875;19,9898;17,5741;60,2507;69,8194;46,1795;11,6619;22,4276;41,0587;0,3672;
Región de Valparaíso (VA);2016;842,4119;69,4306;22,9193;60,2671;5,8781;6,8088;72,0561;158,8985;62,6345;49,0763;13,0390;15,4171;12,5064;18,2219;18,3281;58,0104;70,1995;50,6686;15,4299;19,7437;42,5641;0,3140;
Región de Valparaíso (VA);2017;868,2858;69,5708;22,4802;67,5067;4,7194;6,1801;73,2947;154,2741;66,0150;48,8342;13,5352;12,7734;15,8247;21,6980;20,5903;59,0055;81,7338;52,2490;14,3231;20,6336;42,1824;0,8618;
Región de Valparaíso (VA);2018;877,7243;66,3133;23,3761;71,6706;4,8097;4,2723;78,3644;153,0981;71,7937;48,3639;12,1534;14,0227;14,7190;22,6693;19,9598;51,9385;89,7225;54,9000;13,1853;25,4960;36,2394;0,6564;
Región de Valparaíso (VA);2019;879,3290;66,0539;27,7988;61,6400;4,8563;6,5128;77,8187;160,0273;65,5494;50,2704;10,8808;12,1305;15,4363;23,0511;22,5441;51,3942;89,0160;58,5898;13,0925;25,0729;37,5929;0,0000;
Región de Valparaíso (VA);2020;760,3199;52,7295;24,9485;65,7373;4,3609;7,6034;63,0571;139,2212;53,5100;31,0081;11,7161;9,6914;11,4539;25,5801;19,9576;52,4010;75,3073;54,5014;7,8781;22,2617;25,8548;0,0337;1,5069
Región de Valparaíso (VA);2021;814,9533;50,7436;28,0364;70,1556;4,8555;7,1870;79,1640;150,7007;55,6697;38,0943;14,3965;9,8504;12,3489;24,7565;19,2570;55,2975;69,2102;57,3763;9,1971;27,0734;30,2309;0,0587;1,2930
Región de Valparaíso (VA);2022;878,1304;47,1719;37,4467;67,3662;4,6418;7,0281;83,6655;164,4650;65,4239;44,5772;12,9447;11,4057;13,1265;25,3730;21,5081;57,2275;75,5596;62,3560;11,1905;31,7489;32,5512;0,0582;1,2942
Región de Valparaíso (VA);2023;901,1321;41,6008;36,5058;71,8754;5,3156;8,1949;74,4132;167,0795;60,8845;45,1756;14,2079;11,0692;12,3007;28,4717;26,4131;58,7449;86,2432;71,4976;14,8714;34,5076;29,6521;0,2652;1,8421
Región de Valparaíso (VA);2024;905,2465;45,9764;37,7510;66,9260;5,2277;6,1864;72,4202;166,0675;65,9758;41,3393;16,5952;12,1931;13,5980;26,1915;24,3531;62,2192;85,1513;73,6356;10,6618;32,9694;37,4775;0,4092;1,9214
Región Metropolitana de Santiago (RM);2013;3425,3601;69,9799;28,7508;443,7150;8,8247;14,2398;296,0888;712,5141;221,4290;145,6458;114,1637;132,5406;34,9664;160,0983;113,3300;141,2868;260,7516;169,2915;51,3077;101,3694;202,6144;2,4518;
Región Metropolitana de Santiago (RM);2014;3452,9622;67,2825;30,7628;441,2890;10,9980;14,3050;295,4977;720,5462;207,0776;123,5005;120,0541;124,4822;34,9768;165,5412;131,6704;149,8479;252,5369;207,9585;55,2921;120,8729;176,3803;2,0899;
Región Metropolitana de Santiago (RM);2015;3526,8985;80,0645;29,7625;445,7079;10,5975;17,4817;329,9667;721,3802;234,8700;139,3700;98,8972;118,3115;39,2644;154,0150;114,1743;156,1383;280,4917;217,9494;45,1262;121,4388;169,9405;1,9503;
Región Metropolitana de Santiago (RM);2016;3551,4186;76,0740;23,9170;425,8817;13,1150;16,1231;324,1696;749,9797;251,5191;155,0958;100,5770;114,2150;38,1416;174,8422;133,1597;149,5238;270,4969;192,6505;46,3845;113,8321;180,5522;1,1681;
Región Metropolitana de Santiago (RM);2017;3702,4511;75,5795;22,3044;439,7200;14,1994;17,3568;310,6063;781,0965;262,4276;168,1910;118,2036;110,0029;48,3757;169,0441;136,2308;164,3600;280,8214;213,0803;48,1513;146,0115;174,9641;1,7238;
Región Metropolitana de Santiago (RM);2018;3808,3789;73,8634;27,4339;432,5675;14,1863;15,4555;339,3429;776,6166;276,3804;195,1856;127,5321;113,9471;48,2146;188,7496;138,7120;159,0630;292,4594;214,2563;53,2968;147,4168;172,8655;0,8337;
Región Metropolitana de Santiago (RM);2019;3899,2014;75,8003;31,6715;411,1338;19,9117;17,4237;354,2547;804,8186;263,0341;201,1510;108,4025;124,6513;41,7646;199,7753;135,5411;173,5169;315,1322;250,5503;63,0574;138,5381;167,2927;1,7795;
Región Metropolitana de Santiago (RM);2020;3515,9413;50,9083;25,6184;362,5765;21,7227;20,7550;276,2411;702,5796;234,4439;123,5118;114,2488;132,4861;39,0670;188,9661;151,6715;171,0786;309,5669;251,4698;41,8986;153,0340;123,8125;1,0847;19,1995
Región Metropolitana de Santiago (RM);2021;3752,7195;46,5755;27,1951;368,9666;22,6555;19,9582;338,0238;765,7582;245,2420;152,8697;149,4788;124,8798;45,9757;200,8240;145,0063;180,4784;294,5311;271,4105;41,1066;177,0033;113,5538;0,5736;20,6531
Región Metropolitana de Santiago (RM);2022;3970,7637;62,2404;35,0332;396,3980;16,3536;22,9100;331,9520;798,3641;260,9693;180,1701;149,4721;127,8786;64,6129;202,7438;168,3671;174,7485;299,4756;289,1946;47,8523;186,9540;130,4407;0,7737;23,8590
Región Metropolitana de Santiago (RM);2023;4051,6050;65,1536;32,7406;418,2713;22,8951;23,3828;303,2765;840,4574;277,0478;182,2616;134,7519;139,4625;51,5565;209,4066;163,8555;203,6112;295,7780;319,0468;53,7724;182,5560;111,1274;3,2134;17,9801
Región Metropolitana de Santiago (RM);2024;4127,3520;63,9747;38,8907;395,9746;20,9757;26,4643;312,6815;859,4881;275,4062;192,7971;143,8387;145,0395;51,4616;213,2939;157,6395;220,8652;317,1691;323,3026;56,2686;183,5681;110,4614;1,3640;16,4267
Región del Libertador General Bernardo O'Higgins (LI);2013;420,7444;92,3403;20,9353;35,7035;1,6060;2,2552;31,9286;71,9902;21,6385;12,8679;3,1125;3,3086;1,0716;5,2943;6,6384;22,9245;34,2741;14,2859;4,9942;9,5319;24,0429;0,0000;
Región del Libertador General Bernardo O'Higgins (LI);2014;420,5762;86,6193;18,7740;38,8084;2,2417;2,2554;32,6049;73,3098;25,4519;13,5929;3,3390;4,6821;1,7501;6,4863;5,1733;23,6843;34,8164;13,9152;4,8537;8,8462;19,3712;0,0000;
Región del Libertador General Bernardo O'Higgins (LI);2015;420,7800;85,4419;21,4484;40,1369;2,2269;3,2237;32,7121;78,1352;25,0325;14,7172;5,1267;4,4276;3,0671;5,6092;5,3577;19,9067;31,5357;14,3733;4,0602;8,8897;15,3515;0,0000;
Región del Libertador General Bernardo O'Higgins (LI);2016;430,2102;90,8559;19,1603;41,7056;1,4333;2,8472;30,7831;82,1637;23,2498;16,1801;4,3349;3,4937;1,9026;6,4430;6,3417;19,9395;33,8333;18,2769;4,5054;9,3014;13,4588;0,0000;
Región del Libertador General Bernardo O'Higgins (LI);2017;434,5979;91,3902;17,9744;45,8378;1,5511;3,0814;29,2916;71,7872;20,7173;14,5636;4,6685;2,6371;2,1557;6,5305;7,5246;23,8800;39,5680;23,2278;6,4319;8,9263;12,8529;0,0000;
Región del Libertador General Bernardo O'Higgins (LI);2018;436,2557;87,8666;16,5921;53,4931;1,4777;2,7779;28,3142;70,4708;19,9771;15,0705;4,2371;3,9404;2,4532;8,7304;5,5589;24,7311;36,6309;25,1184;5,1688;9,8186;13,8282;0,0000;
Región del Libertador General Bernardo O'Higgins (LI);2019;443,6232;90,8952;20,7385;44,2826;1,0666;3,0415;27,1381;73,3700;19,0172;16,8615;4,5016;3,2398;3,6200;7,3765;5,3159;27,4098;39,9165;21,9477;6,0885;12,6159;15,1798;0,0000;
Región del Libertador General Bernardo O'Higgins (LI);2020;397,1284;70,4118;15,6352;46,1190;3,2008;4,2888;24,0633;75,4519;17,3542;14,5692;4,5223;2,4085;1,7259;6,2930;6,9269;25,0072;27,6293;21,5552;3,5098;11,0540;13,6186;0,0000;1,7838
Región del Libertador General Bernardo O'Higgins (LI);2021;399,7831;77,1272;16,3337;48,0384;1,8757;3,0369;32,1603;69,2344;18,0660;12,8819;4,7468;2,1137;2,4064;7,8360;8,4884;19,2826;30,7599;18,1107;3,0329;11,1627;12,8800;0,0000;0,2083
Región del Libertador General Bernardo O'Higgins (LI);2022;428,9097;79,0187;18,7248;46,1806;1,2032;3,7085;35,7582;79,2744;17,8926;16,5542;3,5699;3,6376;2,7812;9,4393;8,2900;20,7386;31,1733;20,7645;4,5701;9,0057;16,3381;0,0414;0,2449
Región del Libertador General Bernardo O'Higgins (LI);2023;430,2777;77,8978;20,7765;42,5209;0,7524;3,7710;34,0880;83,4871;16,6989;15,7734;4,2711;4,1168;1,6851;10,0634;9,8836;19,7734;30,2720;26,6141;3,8719;9,8012;13,8288;0,0000;0,3305
Región del Libertador General Bernardo O'Higgins (LI);2024;450,5721;74,4180;19,8163;45,5587;1,4270;3,8587;35,3791;88,6333;17,4965;16,7426;4,7864;4,2115;2,4506;12,9721;9,3887;22,6526;31,9253;26,6034;5,1180;10,9353;15,2968;0,0000;0,9011
Región del Maule (ML);2013;453,4219;109,2977;6,1215;44,3146;2,3164;3,9121;41,0268;81,2112;20,1362;12,7881;2,9624;3,6987;0,8811;5,9489;7,1660;22,4127;36,8352;18,8351;2,9291;8,7948;21,8333;0,0000;
Región del Maule (ML);2014;468,2704;106,7960;7,9059;43,9695;2,3146;3,3259;37,7539;90,5992;22,0272;15,6179;3,1885;4,3881;1,0487;6,6137;6,3936;24,7972;36,6767;19,7028;5,1760;8,9964;20,9785;0,0000;
Región del Maule (ML);2015;485,9199;109,0806;6,3461;50,4081;2,7944;3,0288;38,3027;89,2495;21,7165;16,0900;3,9080;3,5715;2,1108;9,3059;6,9751;31,1010;40,7563;20,8025;3,8039;9,6593;16,9090;0,0000;
Región del Maule (ML);2016;487,1330;111,8794;3,1443;49,6920;2,3871;4,6554;42,1576;87,1128;23,8476;15,8347;3,0379;3,7985;1,5128;9,1904;6,4136;28,5269;39,7597;19,3669;4,2260;12,1214;18,4554;0,0127;
Región del Maule (ML);2017;488,3552;104,6148;2,4645;52,3023;2,9201;4,3944;43,3799;88,6805;24,9453;17,8333;4,0681;4,0563;1,5685;8,5462;6,1000;26,7287;41,3107;18,9725;4,0239;11,2981;20,1473;0,0000;
Región del Maule (ML);2018;503,1756;108,3553;4,2124;44,6098;2,6853;3,4675;40,8034;89,9012;25,0728;23,8488;4,8948;5,3041;2,3755;9,9238;6,7163;23,6368;47,0649;23,8813;3,0137;11,0030;22,4049;0,0000;
Región del Maule (ML);2019;507,7243;106,9618;3,9555;46,7567;2,4168;3,7359;43,4761;93,4435;26,6657;20,3409;4,6088;3,4411;2,0150;9,4789;7,6233;23,4523;45,9062;22,8311;4,8861;12,6636;23,0651;0,0000;
Región del Maule (ML);2020;458,3171;94,7034;2,0287;45,9476;1,2752;4,6076;38,9815;91,0688;22,5331;16,6572;3,4147;6,8117;2,0246;7,9603;8,6958;21,3930;40,3925;22,9551;2,1793;8,7714;14,1880;0,0000;1,7277
Región del Maule (ML);2021;455,7896;90,1098;4,4814;43,0496;1,4628;3,8459;45,8656;82,5524;20,6620;16,5679;4,5565;5,9786;1,6677;11,8684;6,1303;22,1413;43,5620;23,5154;1,9161;9,5101;15,6388;0,0000;0,7070
Región del Maule (ML);2022;489,9111;96,1327;5,0870;50,7106;2,5460;3,5486;41,1915;85,6532;20,2715;16,7604;5,0324;4,5837;1,4811;12,2995;10,1994;23,9937;49,4859;27,9535;3,5032;11,3510;17,6041;0,0000;0,5222
Región del Maule (ML);2023;508,2801;97,1881;4,5006;45,4409;2,1646;3,4549;39,5076;96,3157;20,8378;19,6707;4,8529;5,1066;2,5033;9,7414;9,1420;25,6556;50,0299;32,6330;3,8508;15,3177;19,0156;0,0328;1,3178
Región del Maule (ML);2024;522,8561;97,4284;4,7311;47,2045;1,9573;4,4851;39,2712;100,1014;23,2539;21,3238;4,0229;5,4417;2,0608;9,7885;9,5568;27,4648;51,5206;31,6218;4,4312;15,1291;20,9076;0,0751;1,0785
Región del Ñuble (NB);2013;209,0802;35,6393;3,2587;24,8677;0,4921;1,7627;15,0866;38,1659;11,2989;5,5196;1,8921;1,8157;0,8187;4,1985;1,5194;14,8153;19,9202;9,5288;2,1453;5,2213;11,1134;0,0000;
Región del Ñuble (NB);2014;209,2859;38,9359;3,5794;24,7437;0,3129;2,2160;16,1251;33,7934;13,3070;6,6185;2,3839;2,1779;0,8571;3,9901;2,1957;12,8389;22,4003;8,0462;0,8479;3,9024;10,0137;0,0000;
Región del Ñuble (NB);2015;211,5503;40,4190;4,2463;21,7216;1,1927;2,2054;13,2124;37,0297;12,4431;6,6943;1,2412;2,2091;0,6237;5,0572;2,8074;12,1964;20,9161;10,7211;1,6254;5,8697;9,1185;0,0000;
Región del Ñuble (NB);2016;223,6361;39,9780;2,7201;22,0531;1,2266;1,3288;15,6622;36,9736;11,0858;9,4322;1,5468;2,4437;0,3164;4,7294;3,0478;16,3832;24,8278;11,8852;0,8230;5,3075;11,8647;0,0000;
Región del Ñuble (NB);2017;218,2893;43,8300;1,5686;22,8046;1,0164;1,5368;16,8896;39,2832;9,7657;9,3759;1,4686;1,2130;0,3287;4,2833;2,7441;13,4075;21,6244;11,0888;0,6656;5,3499;10,0448;0,0000;
Región del Ñuble (NB);2018;222,1051;44,6849;1,8266;23,9373;0,7558;2,0552;17,5043;41,9030;12,5322;7,9230;0,6272;1,4056;0,4065;4,4193;2,4282;11,1684;23,8252;10,7135;1,1658;3,9426;8,8807;0,0000;
Región del Ñuble (NB);2019;225,3932;42,4433;2,7870;22,7163;0,5729;1,2235;15,6156;39,7364;11,8142;9,5981;1,2174;1,1909;1,2679;3,0494;3,7396;15,8991;24,4916;10,0961;2,1188;4,1846;11,6304;0,0000;
Región del Ñuble (NB);2020;197,5396;39,8333;2,0563;20,0375;1,6696;1,3077;15,3629;32,8857;8,7602;7,4417;0,7980;1,3257;1,3444;2,7300;2,4225;11,1563;19,5699;13,6319;0,6835;5,3009;8,9895;0,0000;0,2322
Región del Ñuble (NB);2021;206,0341;37,1080;1,9009;20,3713;1,0140;0,8676;17,0411;37,0186;10,1474;6,4923;1,5437;1,5371;1,3690;3,5430;2,9744;12,2883;21,2857;13,5189;0,9951;4,8740;9,4720;0,0000;0,6716
Región del Ñuble (NB);2022;211,9271;36,0999;1,9663;21,2968;1,1631;1,4396;18,4106;36,8801;12,2473;8,5452;3,2665;1,3962;0,4848;3,4113;2,1824;12,4654;19,8284;13,0652;1,3511;4,9911;10,6592;0,0000;0,7765
Región del Ñuble (NB);2023;213,6959;33,2985;3,5043;20,5462;1,1178;1,3400;20,0943;34,5337;10,9673;10,0042;2,3771;1,0494;0,6262;4,0729;3,6222;13,3604;20,6806;15,2110;1,6627;5,2679;8,8249;0,0000;1,5341
Región del Ñuble (NB);2024;216,1311;31,4465;3,0124;20,7784;1,4850;1,8550;19,6547;36,8276;10,4490;9,0798;1,6608;0,8286;0,6700;4,4769;4,5029;14,2935;19,5708;16,4275;2,1912;5,7290;9,1165;0,0000;2,0750
Región del Biobío (BI);2013;642,8476;60,8073;17,5497;93,8243;7,9047;4,1397;50,5894;121,2045;38,7884;21,1278;8,2816;7,8567;3,2603;11,2371;9,3243;45,9088;54,1191;34,7989;5,1752;16,2054;30,6866;0,0578;
Región del Biobío (BI);2014;645,1182;57,3852;16,9458;90,8708;6,1788;3,4815;49,7658;124,8835;37,6118;22,0749;7,1706;7,6934;2,1436;11,1528;10,7856;46,1773;61,0111;38,6393;5,9249;19,3615;25,8261;0,0339;
Región del Biobío (BI);2015;670,9931;52,9168;12,7728;95,8533;7,8060;3,8729;54,1136;130,0877;36,4880;24,0305;7,5633;9,1770;3,1810;11,2164;12,2925;44,2292;64,8969;43,4412;8,1175;18,4246;30,4003;0,1114;
Región del Biobío (BI);2016;674,9960;51,7206;10,0004;101,4895;8,7655;3,8436;56,5531;123,9887;37,7259;24,5465;8,4110;9,1149;3,1636;11,7224;14,1892;47,7689;63,7803;43,8542;7,9778;18,1146;28,2654;0,0000;
Región del Biobío (BI);2017;676,1215;47,6495;9,7365;102,4795;7,4377;3,3674;55,3693;122,5420;41,4368;27,1133;7,7906;7,9580;3,8082;11,2139;12,1582;49,1355;68,0936;42,8830;7,1493;20,5017;28,2816;0,0158;
Región del Biobío (BI);2018;689,3930;50,2617;10,9698;99,4405;6,9179;3,5795;49,2145;124,2342;38,6008;31,2848;7,3613;8,9028;2,9726;13,6226;10,7319;50,8391;71,7081;49,1957;9,9439;22,1295;27,4482;0,0335;
Región del Biobío (BI);2019;704,6554;49,1274;14,0246;92,0403;6,4715;4,6935;50,0188;122,3171;39,0034;29,7936;6,0598;8,8715;3,4008;16,5720;10,8513;56,4717;74,0598;57,1566;12,1368;22,7154;28,8695;0,0000;
Región del Biobío (BI);2020;619,5547;40,8432;8,8349;85,3381;5,8999;4,0321;48,9988;104,5384;35,6461;22,8867;6,8403;9,1716;3,3589;13,3901;8,3828;53,5183;68,3293;55,1503;5,7503;20,3062;17,5785;0,0000;0,7599
Región del Biobío (BI);2021;637,5701;42,2680;9,7781;93,2095;4,9164;4,7334;54,8318;110,1457;37,9199;24,3259;7,7297;7,1298;2,6806;13,9151;10,4432;47,2368;68,4415;55,2505;5,4039;19,4882;16,9382;0,0797;0,7043
Región del Biobío (BI);2022;685,2314;42,4795;12,2264;95,4196;4,1601;4,3574;59,6023;119,5890;41,9587;30,4298;8,4930;6,8044;4,1240;16,4556;14,6665;44,3726;71,1145;58,9842;7,3558;19,0642;21,3282;0,2100;2,0357
Región del Biobío (BI);2023;692,1510;42,1426;18,9716;89,8675;4,0159;3,9215;52,4890;122,2068;38,7873;30,0069;9,3450;8,8881;4,5512;18,6492;13,6443;47,7073;70,9287;63,7649;7,7364;21,6427;21,2770;0,0927;1,5145
Región del Biobío (BI);2024;713,9458;42,5983;16,3636;97,2404;5,3361;3,9202;54,2171;117,6224;42,5111;30,1861;7,1360;7,4288;4,9444;19,3827;14,8595;49,0333;79,4465;66,7655;8,2737;22,9001;21,8942;0,1478;1,7380
Región de La Araucanía (AR);2013;433,5707;86,8339;1,9036;42,6258;0,9903;1,9067;38,0019;79,2331;20,7980;15,8165;6,2358;4,6998;2,3511;7,1483;6,0622;25,0626;40,8104;16,3672;5,3759;10,9968;20,3509;0,0000;
Región de La Araucanía (AR);2014;445,1451;83,2826;1,2264;45,9473;1,3354;1,6480;38,1463;79,2240;20,9082;16,9581;5,5989;6,2688;3,0562;7,7723;5,9485;24,4995;49,7828;19,4463;5,4654;8,4647;20,1653;0,0000;
Región de La Araucanía (AR);2015;426,9435;77,2145;1,0311;45,2335;1,3550;1,6512;39,8752;69,8137;24,0160;20,4291;6,0616;4,5509;2,5844;7,0020;5,8749;28,0571;43,0100;20,0504;3,8324;8,2317;17,0688;0,0000;
Región de La Araucanía (AR);2016;432,0352;79,4767;1,9299;37,8228;0,8398;2,0760;46,7689;67,2274;23,0121;20,1210;4,1555;3,3572;4,0359;9,0956;8,3879;19,6067;51,1096;22,0179;3,7170;8,9292;18,3482;0,0000;
Región de La Araucanía (AR);2017;433,7495;80,6692;1,3095;35,3980;1,7265;2,5282;45,2662;79,7775;22,5373;18,8824;3,2661;3,6894;1,0120;9,6160;7,7885;22,8330;49,3564;24,0440;3,0312;8,0000;13,0178;0,0000;
Región de La Araucanía (AR);2018;436,0384;82,0110;0,2749;29,6519;2,7620;2,1379;46,7989;72,7144;24,9620;16,4876;2,6889;4,5774;2,1246;9,5698;6,5293;28,9705;51,0464;27,9991;3,3354;8,4625;12,9339;0,0000;
Región de La Araucanía (AR);2019;437,8975;78,3748;0,7129;33,6703;1,7081;3,1892;47,4334;76,8203;18,0313;13,3722;4,6056;4,1373;1,8588;7,5902;6,7224;30,0638;51,2953;25,8382;7,0452;11,2961;14,1321;0,0000;
Región de La Araucanía (AR);2020;358,8510;58,9872;0,6985;32,7102;1,6507;4,4341;32,3434;59,2804;11,7802;11,4248;4,0830;4,0370;2,6638;8,2957;10,0490;29,5514;36,0467;24,8316;4,1162;9,1589;12,3256;0,0000;0,3826
Región de La Araucanía (AR);2021;366,3046;52,3278;0,7824;36,0353;1,5445;3,9460;40,2881;62,3229;13,4037;12,2757;2,8162;4,0555;1,6395;10,1729;8,1657;31,2015;36,7417;27,8421;2,0245;7,3142;10,9365;0,0000;0,4678
Región de La Araucanía (AR);2022;407,5253;54,9459;1,3920;38,8040;1,2231;2,4909;45,4423;65,2567;19,4763;16,6248;2,4499;4,5165;1,6946;10,0312;8,8864;30,0526;39,3364;33,2808;3,2682;12,2695;14,5225;0,0000;1,5609
Región de La Araucanía (AR);2023;419,7275;55,8822;2,7170;39,6171;1,9403;3,3372;41,3547;68,1953;20,0766;17,0246;4,3034;3,2364;2,0076;8,3442;9,6970;32,2394;45,4115;33,3264;4,0749;10,7996;15,2468;0,0000;0,8952
Región de La Araucanía (AR);2024;427,3570;54,0036;2,8356;38,8430;1,5396;4,2633;43,4331;77,1922;22,4802;19,0037;3,2400;3,4570;2,8006;6,6519;10,7710;32,1917;40,4862;31,8530;4,3871;11,4242;14,8748;0,0394;1,5858
Región de Los Ríos (LR);2013;175,9527;35,0653;0,9673;18,7302;0,4979;0,9615;15,3154;24,1841;9,0256;8,0895;2,6306;1,0773;0,6037;3,6533;3,3353;9,6441;18,1463;8,2718;1,5918;3,4039;10,6809;0,0771;
Región de Los Ríos (LR);2014;176,4840;34,0227;1,2167;22,9663;0,4101;1,0584;14,9621;21,2065;8,8362;7,9672;2,0243;2,6554;0,6576;3,7418;2,7115;10,3206;17,1406;8,5704;1,2176;3,9505;10,8476;0,0000;
Región de Los Ríos (LR);2015;178,7830;29,0904;0,9324;21,0171;0,6851;0,4550;17,0549;25,0852;9,8392;8,1671;1,7555;3,1713;0,6764;3,4617;2,6713;12,6615;15,9861;9,9425;1,8383;4,1567;10,1353;0,0000;
Región de Los Ríos (LR);2016;184,9695;27,5871;0,3850;21,5083;0,8431;0,5110;16,1270;28,5202;10,0527;8,6513;2,5665;2,1769;2,0092;3,8705;2,7393;12,1438;19,5569;10,3784;1,7503;3,8259;9,7660;0,0000;
Región de Los Ríos (LR);2017;193,7832;27,6884;0,6194;22,3070;0,8399;0,7959;19,0158;26,7553;10,1384;9,6744;2,0947;2,8987;1,7514;4,1647;3,0217;15,3493;17,8410;10,4691;3,0874;4,2156;11,0551;0,0000;
Región de Los Ríos (LR);2018;191,0592;28,4544;0,7191;19,4107;0,8353;1,5805;17,1112;25,9713;9,4528;11,9342;1,7147;2,0936;1,7703;4,5653;2,5639;14,2687;17,1467;10,5777;3,9935;4,3154;12,5800;0,0000;
Región de Los Ríos (LR);2019;189,8982;29,4364;0,2425;19,1970;0,8670;0,7755;17,0763;26,3329;11,5028;9,5541;2,3727;1,6793;2,3304;3,1862;3,1426;12,9568;19,9589;12,1294;2,7486;3,8329;10,5758;0,0000;
Región de Los Ríos (LR);2020;159,4690;24,4152;0,5383;16,1289;0,5674;0,5455;14,8943;22,0163;7,4389;7,2207;1,3952;1,6789;0,5766;4,0402;3,6240;12,6427;17,6696;11,8592;1,2788;3,2890;7,0131;0,0000;0,6360
Región de Los Ríos (LR);2021;162,9605;20,8228;0,4562;19,1783;0,9334;1,3748;17,4845;24,3934;6,9888;5,2501;1,9686;1,8731;1,2460;3,3725;3,7368;11,5645;18,5276;11,7899;0,5907;3,4283;7,5392;0,0000;0,4410
Región de Los Ríos (LR);2022;176,2921;22,3533;0,4247;19,9952;0,5628;1,2212;16,3690;28,0875;7,2312;7,6374;2,8231;1,8272;1,1772;4,4773;5,6156;12,4934;17,6470;11,4837;1,3469;3,8318;8,9762;0,0698;0,6407
Región de Los Ríos (LR);2023;177,9888;21,5099;0,8403;16,0956;0,2245;0,8941;16,6405;27,1862;8,3555;9,1455;2,6623;1,5235;0,8383;5,0119;5,8577;14,1280;18,6328;12,3162;2,0977;3,7081;9,2208;0,1403;0,9591
Región de Los Ríos (LR);2024;183,8670;21,3753;0,8888;17,2255;0,9721;1,2188;15,8390;27,3803;8,9913;10,5503;2,8413;1,3931;0,7077;5,2621;5,5661;15,9664;18,0758;13,8982;1,6836;4,3702;8,8138;0,0504;0,7969
Región de Los Lagos (LL);2013;396,7499;54,1492;0,3057;55,6899;1,2961;1,1432;34,1193;73,3345;30,3834;14,4524;4,8745;4,2998;3,3134;7,9719;6,7286;27,4254;34,0083;17,3039;3,4540;8,2587;14,2375;0,0000;
Región de Los Lagos (LL);2014;398,5662;55,1661;0,3976;53,5208;1,9361;2,2027;34,1061;72,9127;30,9145;14,3346;5,0415;5,1976;2,0586;8,1026;7,6844;25,6757;32,6580;17,5277;4,3938;8,6373;16,0979;0,0000;
Región de Los Lagos (LL);2015;397,2531;60,5237;0,1766;53,8346;2,1096;2,0918;33,0044;74,7041;27,3170;17,2629;4,3275;8,2527;1,6021;7,6752;6,7587;23,0429;30,6807;17,2704;3,6369;7,0916;15,8896;0,0000;
Región de Los Lagos (LL);2016;397,3004;62,8874;0,6528;49,1764;2,1876;1,8393;34,2040;73,4260;27,8040;19,1049;4,0670;8,4032;3,1655;9,0781;8,7390;21,9642;28,7019;18,2493;3,9561;5,7151;13,9785;0,0000;
Región de Los Lagos (LL);2017;403,3050;68,1484;0,4318;52,3409;4,3139;2,0441;30,4425;69,6400;27,1373;15,7343;4,3441;5,7336;1,9719;9,8229;8,2834;24,9562;33,0474;21,9474;3,8161;6,0184;13,1304;0,0000;
Región de Los Lagos (LL);2018;400,7625;63,7211;0,4843;52,7178;3,5584;1,4757;35,3616;66,3219;26,6736;17,2376;4,8546;3,6787;2,5044;9,7939;7,1181;28,3466;33,6493;19,7452;3,6075;6,1418;13,7704;0,0000;
Región de Los Lagos (LL);2019;415,2118;61,2436;0,3886;53,2952;2,7747;1,2982;37,4771;77,8264;28,0077;15,6978;3,4724;3,8913;1,9810;7,9412;9,2573;29,4829;35,1603;20,1565;1,9138;8,1913;15,7337;0,0208;
Región de Los Lagos (LL);2020;332,3105;46,2320;0,2846;42,4566;1,9294;0,8970;26,8001;61,2708;22,1348;11,3584;2,3796;4,4082;1,7300;7,7764;9,3191;31,5629;26,0627;17,8906;1,6146;6,7212;7,7336;0,0000;1,7479
Región de Los Lagos (LL);2021;331,6447;44,9360;0,1530;43,6089;2,1693;1,5547;29,0092;62,7035;24,2012;10,0614;2,1189;3,0375;1,7133;8,8860;7,7567;27,6384;28,3992;17,5042;0,9886;5,8560;8,6376;0,0000;0,7110
Región de Los Lagos (LL);2022;342,4646;40,7903;0,2900;52,4464;2,6229;1,8517;32,7794;58,0655;25,1255;12,9668;2,7661;2,0931;2,9479;11,3414;7,6724;22,0697;28,1072;19,8471;1,6579;5,5543;10,7730;0,0000;0,6959
Región de Los Lagos (LL);2023;368,7768;45,3395;0,3425;55,7150;2,0154;2,4707;34,0177;62,2360;26,2832;15,1693;3,3278;3,7768;2,5699;8,9162;8,3971;22,7438;32,7602;21,6137;2,8190;7,1301;10,1104;0,0000;1,0225
Región de Los Lagos (LL);2024;410,9803;55,1568;0,8140;52,0150;2,9370;3,0787;35,6480;74,3174;27,7074;19,1356;2,9092;2,4848;2,5098;10,6554;12,6595;29,9915;29,7851;24,5117;4,0023;7,7118;11,5623;0,0000;1,3871
Región de Aysén del General Carlos Ibáñez del Campo (AI);2013;51,9828;7,0257;1,1960;4,8819;0,4360;0,3239;4,4332;8,1956;2,6651;2,4069;0,7114;0,6490;0,0397;0,7660;0,8377;7,2451;4,5406;2,3832;0,5467;0,3650;2,3280;0,0063;
Región de Aysén del General Carlos Ibáñez del Campo (AI);2014;53,4912;6,3482;0,9772;5,7106;0,4643;0,4934;4,4333;7,8800;2,5584;2,6745;0,8484;0,4838;0,0486;0,9936;1,0582;8,1562;4,4924;2,6205;0,3400;0,8573;2,0521;0,0000;
Región de Aysén del General Carlos Ibáñez del Campo (AI);2015;54,7663;6,7767;0,8195;5,1206;0,5413;0,4661;5,6128;7,3368;3,3825;3,0672;0,5589;0,5266;0,0133;1,0246;1,2383;7,4937;4,5948;3,5431;0,1842;0,9920;1,4734;0,0000;
Región de Aysén del General Carlos Ibáñez del Campo (AI);2016;55,9511;6,2603;0,9469;4,6954;0,3587;0,1836;5,7717;7,3596;2,9076;3,4626;0,5742;0,4716;0,1073;1,0898;1,3082;7,9576;5,7055;3,9304;0,1949;0,6480;2,0174;0,0000;
Región de Aysén del General Carlos Ibáñez del Campo (AI);2017;57,1828;5,5202;1,1536;4,4754;0,2993;0,3206;6,1596;8,3962;2,9289;3,3001;0,4286;0,5897;0,1149;0,8215;1,2294;8,3057;5,7281;3,8537;0,3647;1,0891;2,1035;0,0000;
Región de Aysén del General Carlos Ibáñez del Campo (AI);2018;57,5499;5,9922;0,7825;4,4448;0,1496;0,4993;6,1102;8,9030;3,4252;3,6848;0,4521;0,5183;0,0856;1,1494;1,2904;7,3048;5,0170;3,8818;0,6861;1,1459;2,0270;0,0000;
Región de Aysén del General Carlos Ibáñez del Campo (AI);2019;57,1956;6,3090;0,2705;4,1451;0,2868;0,3789;6,2517;8,5514;3,5770;4,9400;0,5590;0,5047;0,1826;0,8914;1,0770;7,2204;5,2479;3,6417;0,5331;1,1994;1,4279;0,0000;
Región de Aysén del General Carlos Ibáñez del Campo (AI);2020;53,9006;5,7555;0,3014;3,7966;0,4226;0,3724;5,9380;9,8140;2,8300;3,0280;0,2579;0,5188;0,1762;0,8909;0,9984;7,1750;5,5203;3,4420;0,2110;0,9997;1,2377;0,0000;0,2143
Región de Aysén del General Carlos Ibáñez del Campo (AI);2021;54,6808;4,9084;0,3471;4,0939;0,6263;0,3020;6,6703;8,3612;3,7685;3,0676;0,5164;0,2746;0,0881;1,1195;1,3828;7,5398;5,1151;3,3665;0,4762;1,3294;1,2562;0,0000;0,0708
Región de Aysén del General Carlos Ibáñez del Campo (AI);2022;57,9464;4,6806;0,6581;4,3839;0,6083;0,5394;6,4749;8,3008;3,5215;3,2667;0,6248;0,3967;0,1324;1,3495;1,7807;8,3508;5,6209;4,0068;0,6667;0,9927;1,5489;0,0000;0,0413
Región de Aysén del General Carlos Ibáñez del Campo (AI);2023;58,9358;5,0178;0,5189;4,3786;0,2643;0,3324;5,4190;9,1741;3,3800;3,1888;0,5349;0,5701;0,1099;1,2475;1,5888;10,0855;5,4644;4,6870;0,4006;0,9443;1,5468;0,0000;0,0821
Región de Aysén del General Carlos Ibáñez del Campo (AI);2024;58,7728;5,1824;0,5104;4,4473;0,3070;0,2476;5,3798;8,3888;3,3494;3,8828;0,5833;0,5311;0,1497;1,2855;2,0166;9,8169;5,2241;4,1921;0,5704;1,1474;1,5375;0,0000;0,0227
Región de Magallanes y de la Antártica Chilena (MA);2013;77,6189;4,4146;3,8162;6,1412;0,5487;0,1639;7,7655;12,7068;6,3486;4,6585;0,5435;2,4283;0,7672;2,0360;0,9982;11,7768;4,5305;3,3887;0,9951;1,1608;2,4298;0,0000;
Región de Magallanes y de la Antártica Chilena (MA);2014;81,5775;6,6804;4,2730;7,0211;0,7392;0,4600;7,3203;14,0854;5,8610;3,0783;0,9429;2,1663;0,7477;1,3217;1,3657;10,5429;6,6201;3,4444;0,9758;1,2081;2,7232;0,0000;
Región de Magallanes y de la Antártica Chilena (MA);2015;83,6373;7,4848;4,6796;6,4122;0,2287;0,2250;6,3135;12,5942;5,7930;4,9538;0,6607;1,7898;0,1991;1,5090;2,3488;11,3948;8,5203;3,5413;0,5666;1,7881;2,6340;0,0000;
Región de Magallanes y de la Antártica Chilena (MA);2016;85,6100;8,1075;4,2428;7,0085;0,1490;0,0299;6,5257;13,5612;5,2133;6,7754;0,6649;1,6151;0,2748;2,3807;1,2455;11,0396;7,6953;4,6802;0,8583;1,2496;2,2926;0,0000;
Región de Magallanes y de la Antártica Chilena (MA);2017;88,1141;6,2923;3,2542;6,6985;0,0469;0,1834;6,6468;14,5088;5,9169;6,2808;1,0024;1,8439;0,3565;1,7674;2,8976;11,2175;8,8940;5,4760;1,0171;1,4331;2,3798;0,0000;
Región de Magallanes y de la Antártica Chilena (MA);2018;92,9292;6,2734;3,2753;7,1287;0,0879;0,2519;6,2818;15,0484;6,3270;6,7544;1,2834;1,7580;0,1583;1,4831;2,8497;11,8367;11,1325;5,6154;0,9788;1,8741;2,5303;0,0000;
Región de Magallanes y de la Antártica Chilena (MA);2019;93,7735;5,7817;3,3137;7,6248;0,3918;0,1225;7,8646;14,6565;7,6039;6,5932;1,2472;0,9837;0,0660;1,9760;2,6518;11,8347;9,0938;6,6369;1,1884;1,7031;2,4389;0,0000;
Región de Magallanes y de la Antártica Chilena (MA);2020;80,9667;5,8973;1,9555;6,9717;0,2762;0,3779;7,1379;12,0096;4,5989;4,1660;0,8026;1,0064;0,2557;1,8976;2,1616;14,6285;6,5931;6,5374;0,7331;1,2200;1,6626;0,0000;0,0771
Región de Magallanes y de la Antártica Chilena (MA);2021;87,4386;5,7449;1,6599;6,8758;0,2982;0,2779;8,7649;14,3595;5,1613;4,9265;1,0166;1,2410;0,5461;1,7720;2,3293;12,8315;6,9168;7,9128;0,6584;1,7129;2,3548;0,0000;0,0773
Región de Magallanes y de la Antártica Chilena (MA);2022;92,9639;6,3142;2,2116;8,0938;0,4376;0,3491;9,3328;15,1581;6,8638;5,3439;1,1665;1,3615;0,5251;1,8095;2,2651;11,6364;7,3701;7,3842;0,8815;2,1414;2,2543;0,0136;0,0497
Región de Magallanes y de la Antártica Chilena (MA);2023;96,3331;6,0906;2,1126;8,3314;0,2557;0,4075;8,8488;16,0932;7,9150;5,4150;1,1193;1,0691;0,8454;2,5699;2,9198;11,0325;7,9598;7,5620;1,1780;2,2240;2,1859;0,0476;0,1500
Región de Magallanes y de la Antártica Chilena (MA);2024;96,5526;5,5102;1,8290;7,9205;0,4248;0,4878;8,8942;15,9269;8,8068;6,6929;1,1597;0,9426;0,7429;2,2019;3,3656;9,3910;8,6466;7,4086;1,1945;2,4243;2,0995;0,0000;0,4823
